{"metadata":{"asset_id":"24378438-1838-4764-b462-9f6d995dc4c0","asset_attributes":["data_asset","data_profile_uda"],"name":"ficheiro_teste.txt","asset_type":"data_asset","created_at":"2022-12-28T19:04:21Z","origin_country":"us","owner_id":"IBMid-66800092IV","project_id":"fd22955f-c3d7-4c1c-bbcd-100405c01215","size":255,"usage":{"last_update_time":1672254296673,"last_updated_at":"2022-12-28T19:04:56Z"}},"entity":{"data_asset":{"mime_type":"text/plain","dataset":false},"data_profile_uda":{"status":"completed"}},"attachments":[{"id":"8dccfbcf-a218-4937-a616-05d5849deeb2","version":2,"asset_type":"data_asset","name":"ficheiro_teste.txt","mime":"text/plain","datasource_type":"193a97c1-4475-4a19-b90c-295c4fdc6517","object_key":"ficheiro_teste.txt","creator_id":"IBMid-66800092IV","create_time":1672254261713,"size":11,"is_remote":false,"is_managed":false,"is_referenced":true,"is_object_key_read_only":true,"is_user_provided_path_key":true,"transfer_complete":true,"is_partitioned":false,"complete_time_ticks":1672254261713,"user_data":{},"test_doc":0,"handle":{"bucket":"pythonbasicsfordatascienceproject-donotdelete-pr-rggnwfili5dntw","location":"eu-geo","type":"bluemix_cos","key":"ficheiro_teste.txt","upload_id":"done","max_part_num":1},"usage":{"access_count":1,"last_accessor_id":"IBMid-66800092IV","last_access_time":1672254272653,"last_updater_id":"IBMid-66800092IV","last_update_time":1672254272653}},{"id":"4299b1dc-8440-41f1-b85b-0b0cf823b532","version":2,"asset_type":"data_profile_uda","name":"uda_24378438-1838-4764-b462-9f6d995dc4c0.json","mime":"application/json","datasource_type":"193a97c1-4475-4a19-b90c-295c4fdc6517","object_key":"data_profile_uda/2022-12-28-19_04_55-uda_24378438-1838-4764-b462-9f6d995dc4c0.json","creator_id":"iam-ServiceId-5d9bb1d6-b10e-410d-a535-ad6b78e9773b","create_time":1672254296480,"size":244,"is_remote":false,"is_managed":false,"is_referenced":true,"is_object_key_read_only":false,"is_user_provided_path_key":true,"transfer_complete":true,"is_partitioned":false,"complete_time_ticks":1672254296480,"user_data":{},"test_doc":0,"handle":{"bucket":"pythonbasicsfordatascienceproject-donotdelete-pr-rggnwfili5dntw","location":"eu-geo","type":"bluemix_cos","key":"data_profile_uda/2022-12-28-19_04_55-uda_24378438-1838-4764-b462-9f6d995dc4c0.json","upload_id":"done","max_part_num":1},"usage":{"access_count":0,"last_accessor_id":"iam-ServiceId-5d9bb1d6-b10e-410d-a535-ad6b78e9773b","last_access_time":1672254296480}}]}
