{"metadata":{"asset_id":"7dd82b3b-1f82-47fc-9e54-f9f13abf8c1c","asset_attributes":["data_asset"],"name":"teste_upload watson_studio para GitHub.py","asset_type":"data_asset","created_at":"2022-12-28T19:26:27Z","origin_country":"us","owner_id":"IBMid-66800092IV","project_id":"fd22955f-c3d7-4c1c-bbcd-100405c01215","size":23,"usage":{"last_update_time":1672255587802,"last_updated_at":"2022-12-28T19:26:27Z"}},"entity":{"data_asset":{"mime_type":"text/x-script.python","dataset":false}},"attachments":[{"id":"04d5698f-bba3-475e-96ea-938c1fe85d71","version":2,"asset_type":"data_asset","name":"teste_upload watson_studio para GitHub.py","mime":"text/x-script.python","datasource_type":"193a97c1-4475-4a19-b90c-295c4fdc6517","object_key":"teste_upload watson_studio para GitHub.py","creator_id":"IBMid-66800092IV","create_time":1672255588258,"size":23,"is_remote":false,"is_managed":false,"is_referenced":true,"is_object_key_read_only":true,"is_user_provided_path_key":true,"transfer_complete":true,"is_partitioned":false,"complete_time_ticks":1672255588258,"user_data":{},"test_doc":0,"handle":{"bucket":"pythonbasicsfordatascienceproject-donotdelete-pr-rggnwfili5dntw","location":"eu-geo","type":"bluemix_cos","key":"teste_upload watson_studio para GitHub.py","upload_id":"done","max_part_num":1},"usage":{"access_count":0,"last_accessor_id":"IBMid-66800092IV","last_access_time":1672255588258}}]}
