{"metadata":{"asset_id":"6cade268-06f6-4165-a5c2-86a926512a53","asset_attributes":["data_asset"],"name":"teste_upload watson_studio para GitHub.ipynb","asset_type":"data_asset","created_at":"2022-12-28T19:23:51Z","origin_country":"us","owner_id":"IBMid-66800092IV","project_id":"fd22955f-c3d7-4c1c-bbcd-100405c01215","size":291,"usage":{"last_update_time":1672255431704,"last_updated_at":"2022-12-28T19:23:51Z"}},"entity":{"data_asset":{"mime_type":"application/octet-stream","dataset":false}},"attachments":[{"id":"de7f451d-a719-40cf-86ad-35d13e3b178a","version":2,"asset_type":"data_asset","name":"teste_upload watson_studio para GitHub.ipynb","mime":"application/octet-stream","datasource_type":"193a97c1-4475-4a19-b90c-295c4fdc6517","object_key":"teste_upload watson_studio para GitHub.ipynb","creator_id":"IBMid-66800092IV","create_time":1672255432320,"size":291,"is_remote":false,"is_managed":false,"is_referenced":true,"is_object_key_read_only":true,"is_user_provided_path_key":true,"transfer_complete":true,"is_partitioned":false,"complete_time_ticks":1672255432320,"user_data":{},"test_doc":0,"handle":{"bucket":"pythonbasicsfordatascienceproject-donotdelete-pr-rggnwfili5dntw","location":"eu-geo","type":"bluemix_cos","key":"teste_upload watson_studio para GitHub.ipynb","upload_id":"done","max_part_num":1},"usage":{"access_count":0,"last_accessor_id":"IBMid-66800092IV","last_access_time":1672255432320}}]}
